City_ID,City,Latitude,Longitude,Max Temp,Humidity,Cloudiness,Wind Speed,Country,Date
0,San Jerónimo,-11.9472,-75.2829,14.55,68,75,2.22,PE,1675376196
1,Tomatlán,19.9333,-105.25,32.26,28,13,4.57,MX,1675376196
2,Nikolskoye,59.7035,30.7861,-1.06,98,100,0.81,RU,1675376196
3,Ponta do Sol,32.6667,-17.1,15.35,47,46,3.83,PT,1675376196
4,Mount Gambier,-37.8333,140.7667,9.65,82,95,5.51,AU,1675376197
5,Punta Arenas,-53.15,-70.9167,18.06,45,0,12.35,CL,1675375970
6,Margate,51.3813,1.3862,10.49,81,57,1.34,GB,1675376197
7,Yangi Marg`ilon,40.4272,71.7189,3.4,93,75,2.06,UZ,1675376197
8,Desenzano del Garda,45.468,10.534,7.14,65,0,2.57,IT,1675376198
9,Saint-Philippe,-21.3585,55.7679,23.77,88,64,5.67,RE,1675376198
10,Nouadhibou,20.931,-17.0347,18.99,59,89,6.17,MR,1675376198
11,Viedma,-40.8135,-62.9967,25.14,41,75,8.26,AR,1675376079
12,Aklavik,68.2191,-135.0107,-36.0,68,20,2.57,CA,1675376198
13,Cayenne,4.9333,-52.3333,23.02,94,75,3.09,GF,1675376199
14,Vaini,-21.2,-175.2,28.09,83,75,6.17,TO,1675376199
15,Albany,42.6001,-73.9662,1.36,44,18,0.45,US,1675375677
16,Kapaa,22.0752,-159.319,27.18,79,75,4.63,US,1675376200
17,Atuona,-9.8,-139.0333,25.92,80,64,9.67,PF,1675376200
18,Hermanus,-34.4187,19.2345,16.0,78,6,3.17,ZA,1675376200
19,Bluff,-46.6,168.3333,18.59,87,58,2.17,NZ,1675376201
20,Castro,-24.7911,-50.0119,19.09,94,100,4.03,BR,1675376201
21,Deputatsky,69.3,139.9,-31.2,99,99,1.48,RU,1675376201
22,Altayskoye,51.9533,85.3325,-11.1,90,86,1.67,RU,1675376202
23,Finschhafen,-6.6024,147.8681,28.33,78,96,3.88,PG,1675376202
24,Cockburn Town,21.4612,-71.1419,24.84,69,35,8.84,TC,1675376202
25,Khatanga,71.9667,102.5,-36.13,100,53,0.76,RU,1675376203
26,Nirsā,23.7833,86.7167,13.19,34,84,3.22,IN,1675376203
27,San Andrés,12.5847,-81.7006,24.01,88,40,4.12,CO,1675376203
28,Marystown,47.1666,-55.1483,-4.94,72,83,7.06,CA,1675376204
29,East London,-33.0153,27.9116,22.63,83,68,1.48,ZA,1675376027
30,Jamestown,42.097,-79.2353,1.77,43,0,7.72,US,1675376042
31,Barrow,71.2906,-156.7887,-18.99,84,100,4.63,US,1675376194
32,Puerto Ayora,-0.7393,-90.3518,29.98,90,99,4.47,EC,1675376204
33,Srednekolymsk,67.45,153.6833,-34.66,100,100,0.26,RU,1675376204
34,Rikitea,-23.1203,-134.9692,26.24,71,80,6.39,PF,1675376205
35,Shenjiamen,29.9576,122.298,5.53,85,100,5.02,CN,1675376205
36,Braço do Norte,-28.275,-49.1656,23.3,97,85,0.72,BR,1675376205
37,Görele,41.0308,39.0031,2.88,60,5,3.8,TR,1675376206
38,Nabire,-3.3667,135.4833,24.4,90,100,0.99,ID,1675376206
39,Geraldton,-28.7667,114.6,29.23,21,20,7.2,AU,1675376206
40,Neenah,44.1858,-88.4626,-6.86,32,0,6.17,US,1675376206
41,Acaraú,-2.8856,-40.12,26.53,81,100,5.8,BR,1675376207
42,Bowen,-20.0167,148.2333,26.96,77,97,1.83,AU,1675376207
43,Ushuaia,-54.8,-68.3,15.81,55,0,6.17,AR,1675376208
44,Hurricane,37.1753,-113.2899,14.19,36,12,0.43,US,1675376208
45,Port-Gentil,-0.7193,8.7815,27.54,82,76,3.57,GA,1675376208
46,Yerbogachën,61.2767,108.0108,-15.07,94,100,4.05,RU,1675376208
47,Bredasdorp,-34.5322,20.0403,17.19,75,1,0.59,ZA,1675376209
48,Vao,-22.6667,167.4833,26.73,80,86,4.82,NC,1675376209
49,Pevek,69.7008,170.3133,-25.81,100,68,1.26,RU,1675376209
50,Codrington,-38.2667,141.9667,11.61,71,100,7.37,AU,1675376210
51,Nanortalik,60.1432,-45.2371,-10.36,77,98,6.08,GL,1675376210
52,Acapulco de Juárez,16.8634,-99.8901,29.9,62,0,5.14,MX,1675376172
53,Ancud,-41.8697,-73.8203,17.96,73,13,2.56,CL,1675376210
54,Rafaela,-31.2503,-61.4867,29.44,45,55,1.79,AR,1675376198
55,Hithadhoo,-0.6,73.0833,28.18,64,87,5.81,MV,1675376211
56,Mataura,-46.1927,168.8643,25.87,52,34,1.64,NZ,1675376211
57,Thompson,55.7435,-97.8558,-27.91,63,20,5.14,CA,1675376212
58,Asău,46.4333,26.4,-3.49,92,42,2.8,RO,1675376212
59,Uyemskiy,64.4743,40.8524,-3.97,100,100,1.0,RU,1675376212
60,Hilo,19.7297,-155.09,29.6,68,0,5.14,US,1675376092
61,Cherskiy,68.75,161.3,-26.96,100,98,1.43,RU,1675376212
62,Hyères,43.1167,6.1167,12.6,53,0,1.54,FR,1675376213
63,Lagoa,39.05,-27.9833,14.49,85,40,10.97,PT,1675376213
64,Port Blair,11.6667,92.75,26.02,83,40,0.51,IN,1675376213
65,Saskylakh,71.9167,114.0833,-25.46,99,100,1.25,RU,1675376213
66,Saint Paul Harbor,57.79,-152.4072,1.73,75,75,0.0,US,1675376195
67,Busselton,-33.65,115.3333,15.88,84,7,6.93,AU,1675376214
68,Mar del Plata,-38.0023,-57.5575,22.83,84,75,8.49,AR,1675376214
69,New Norfolk,-42.7826,147.0587,13.84,86,9,1.46,AU,1675376214
70,Saint Anthony,45.0205,-93.218,-13.83,48,0,10.8,US,1675376127
71,Severo-Kuril'sk,50.6789,156.125,-2.75,93,100,21.93,RU,1675376215
72,Houndé,11.5,-3.5167,28.3,10,47,1.91,BF,1675376215
73,Port Alfred,-33.5906,26.891,20.66,93,15,1.79,ZA,1675376215
74,Dunedin,-45.8742,170.5036,23.76,57,53,0.6,NZ,1675376216
75,Fairbanks,64.8378,-147.7164,-11.62,84,100,2.06,US,1675375948
76,Klaksvík,62.2266,-6.589,5.51,87,100,16.11,FO,1675376216
77,Nemuro,43.3236,145.575,-10.22,78,22,5.17,JP,1675376061
78,Maniitsoq,65.4167,-52.9,-13.13,83,100,6.65,GL,1675376216
79,Bajil,15.0584,43.2851,24.41,77,2,3.76,YE,1675376217
80,Krutikha,53.9599,81.2093,-15.78,93,100,2.33,RU,1675376217
81,Monte Carmelo,-18.7247,-47.4986,21.87,76,100,1.19,BR,1675376217
82,Batagay-Alyta,67.8006,130.4114,-33.82,100,99,0.67,RU,1675376218
83,Mujiayingzi,42.1167,118.7833,-9.67,32,100,2.38,CN,1675376218
84,Mahébourg,-20.4081,57.7,25.7,88,40,1.03,MU,1675376218
85,Husavik,66.0449,-17.3389,-0.28,96,100,6.02,IS,1675376218
86,San Rafael,-34.6177,-68.3301,30.7,22,0,2.86,AR,1675376056
87,Dikson,73.5069,80.5464,-15.94,91,100,2.92,RU,1675376219
88,Kavieng,-2.5744,150.7967,28.41,72,86,2.55,PG,1675376219
89,Vila Franca do Campo,37.7167,-25.4333,15.23,80,66,5.06,PT,1675376219
90,Valdosta,30.8327,-83.2785,24.39,71,100,5.66,US,1675375948
91,Fortuna,40.5982,-124.1573,18.29,25,20,7.72,US,1675376220
92,Waddān,29.1614,16.139,12.29,46,100,4.15,LY,1675376220
93,Paka,4.6374,103.4368,25.96,89,100,2.06,MY,1675376220
94,Tūkrah,32.5341,20.5791,12.26,62,19,2.71,LY,1675376221
95,Guanare,9.0418,-69.7421,32.57,27,0,2.77,VE,1675376221
96,Laguna,38.421,-121.4238,15.65,53,0,2.57,US,1675376221
97,Oistins,13.0667,-59.5333,25.05,69,20,7.2,BB,1675376130
98,Cidreira,-30.1811,-50.2056,25.3,80,99,6.17,BR,1675376221
99,Concepción del Uruguay,-32.4825,-58.2372,23.47,81,100,0.89,AR,1675376222
100,Puerto Escondido,15.85,-97.0667,29.46,65,0,2.57,MX,1675376222
101,Kuril'sk,45.2333,147.8833,-9.23,81,100,12.48,RU,1675375942
102,Shenzhen,22.5455,114.0683,17.34,81,54,2.66,CN,1675375988
103,Yellowknife,62.456,-114.3525,-27.47,76,20,4.12,CA,1675376223
104,Chanika,-5.4167,38.0167,19.78,98,36,1.12,TZ,1675376223
105,Sai Buri,6.7013,101.6168,24.15,92,89,3.49,TH,1675376223
106,Lavrentiya,65.5833,-171.0,-18.1,93,12,3.51,RU,1675375943
107,Zheleznodorozhnyy,55.7503,38.0042,-0.71,97,99,3.37,RU,1675376127
108,Portobelo,9.55,-79.65,25.06,81,52,6.55,PA,1675376224
109,Cape Town,-33.9258,18.4232,19.08,68,0,6.71,ZA,1675376141
110,Kédougou,12.5579,-12.1743,29.29,15,61,0.76,SN,1675376224
111,Mariehamn,60.0973,19.9348,-2.08,80,75,1.54,AX,1675376225
112,Houma,29.5958,-90.7195,13.89,92,100,5.66,US,1675376225
113,Caravelas,-17.7125,-39.2481,24.76,82,0,2.6,BR,1675376225
114,Sørkjosen,69.8,20.9333,-10.0,85,64,1.54,NO,1675376226
115,Hualmay,-11.0964,-77.6139,24.2,74,92,4.63,PE,1675376226
116,Ilulissat,69.2167,-51.1,-23.23,97,100,4.02,GL,1675376226
117,Arrondissement de Mayenne,48.3333,-0.6667,6.69,77,88,2.59,FR,1675376227
118,Ribeira Grande,38.5167,-28.7,15.99,85,7,8.94,PT,1675376227
119,Pak Phanang,8.3511,100.202,24.79,88,100,2.23,TH,1675376227
120,Hobart,-42.8794,147.3294,14.03,77,20,5.66,AU,1675376226
121,Kaitangata,-46.2817,169.8464,24.09,57,33,1.4,NZ,1675376228
122,Piaçabuçu,-10.4056,-36.4344,26.28,78,88,4.35,BR,1675376228
123,Avarua,-21.2078,-159.775,28.03,83,40,5.14,CK,1675376229
124,Vangaindrano,-23.35,47.6,22.43,89,91,1.48,MG,1675376229
125,Kristiansund,63.1115,7.732,-0.64,59,0,3.09,NO,1675376229
126,Wasilla,61.5814,-149.4394,-0.15,86,100,0.0,US,1675376229
127,São João do Piauí,-8.3581,-42.2467,26.56,65,75,0.39,BR,1675376230
128,Portland,45.5234,-122.6762,11.08,50,75,2.24,US,1675375392
129,Francisco Sá,-16.4758,-43.4883,26.08,71,100,2.2,BR,1675376230
130,Flinders,-34.5833,150.8552,21.32,56,0,4.02,AU,1675376230
131,Bambous Virieux,-20.3428,57.7575,25.68,88,40,1.03,MU,1675376231
132,Egvekinot,66.3167,-179.1667,-21.21,89,39,6.53,RU,1675376231
133,Florianópolis,-27.6146,-48.5012,24.57,89,75,4.63,BR,1675376231
134,Dingle,10.9995,122.6711,23.35,94,86,3.95,PH,1675376232
135,Meulaboh,4.1363,96.1285,24.37,91,100,2.18,ID,1675376232
136,Itarema,-2.9248,-39.9167,26.46,80,100,5.87,BR,1675376005
137,Butaritari,3.0707,172.7902,27.14,78,100,8.04,KI,1675376232
138,Upernavik,72.7868,-56.1549,-22.82,86,80,1.97,GL,1675376233
139,Aksay,47.26,39.87,1.25,67,89,1.34,RU,1675376233
140,Lebu,-37.6167,-73.65,16.75,75,0,11.02,CL,1675376233
141,Turuvekere,13.1642,76.6667,20.1,61,100,2.78,IN,1675376234
142,Angoram,-4.0625,144.0661,25.4,82,100,0.33,PG,1675376234
143,Port Elizabeth,-33.918,25.5701,20.17,89,75,5.66,ZA,1675376234
144,Burgeo,47.6167,-57.6152,-5.59,73,100,7.09,CA,1675376235
145,Charlottesville,38.0293,-78.4767,4.42,95,100,3.09,US,1675376172
146,Rabaul,-4.1967,152.1721,28.27,72,95,2.81,PG,1675376235
147,Buin,-33.7333,-70.75,34.68,12,0,4.29,CL,1675376235
148,Carnarvon,-24.8667,113.6333,27.89,60,24,1.88,AU,1675376236
149,Ulcinj,41.9294,19.2244,6.1,75,68,0.99,ME,1675376236
150,La Ronge,55.1001,-105.2842,-22.86,45,75,0.51,CA,1675376236
151,Río Gallegos,-51.6226,-69.2181,27.03,18,0,7.72,AR,1675376236
152,Mankono,8.0586,-6.1897,27.8,33,2,1.18,CI,1675376237
153,Nova Odesa,47.3078,31.7851,-1.17,94,23,2.32,UA,1675376237
154,Perevolotskiy,51.8763,54.1938,-14.98,90,76,2.41,RU,1675376237
155,Souillac,-20.5167,57.5167,25.21,88,40,1.03,MU,1675376238
156,Kostanay,53.1667,63.5833,-14.84,85,0,3.0,KZ,1675376238
157,Airai,-8.9266,125.4092,16.11,97,100,1.3,TL,1675376239
158,Torfyanoy,58.4916,49.1979,-14.55,97,93,2.33,RU,1675376239
159,North Platte,41.1239,-100.7654,-6.06,71,0,4.63,US,1675376122
160,Murgab,37.4966,61.9714,4.93,87,1,3.09,TM,1675376239
161,Erdenet,49.0333,104.0833,-22.04,92,8,1.85,MN,1675376240
162,Bubaque,11.2833,-15.8333,25.04,70,60,6.3,GW,1675376240
163,Bethel,41.3712,-73.414,2.58,41,0,3.6,US,1675376240
164,George Town,5.4112,100.3354,24.97,94,20,0.0,MY,1675376112
165,Kruisfontein,-34.0033,24.7314,17.08,90,2,2.76,ZA,1675376241
166,Sibut,5.718,19.0739,26.77,41,2,1.47,CF,1675376241
167,Nizhniy Odes,63.6445,54.856,-10.1,95,100,2.92,RU,1675376241
168,Jalu,29.0331,21.5482,11.65,49,67,0.79,LY,1675376242
169,Tigil',57.8,158.6667,-27.66,100,95,0.98,RU,1675376242
170,Zhigansk,66.7697,123.3711,-33.93,99,100,3.27,RU,1675376242
171,Manono,-7.3,27.4167,20.27,97,100,1.99,CD,1675376243
172,Arraial do Cabo,-22.9661,-42.0278,26.98,74,20,4.12,BR,1675376243
173,Chui,-33.6971,-53.4616,20.32,92,100,6.16,UY,1675376243
174,Longyearbyen,78.2186,15.6401,-15.09,78,20,6.69,SJ,1675376243
175,Krishnagiri,12.5333,78.2333,18.88,82,88,1.12,IN,1675376244
176,Kumul,42.8,93.45,-4.9,60,65,2.31,CN,1675375989
177,Ruy Barbosa,-12.2839,-40.4939,26.09,61,84,2.41,BR,1675376244
178,Moussoro,13.6408,16.4901,22.43,15,38,6.52,TD,1675376244
179,Isangel,-19.55,169.2667,29.33,72,35,3.97,VU,1675376245
180,Siruguppa,15.6333,76.9,20.26,56,40,2.18,IN,1675376245
181,Borogontsy,62.6683,131.1683,-33.62,98,100,1.7,RU,1675376245
182,São Filipe,14.8961,-24.4956,22.23,72,31,6.5,CV,1675376246
183,Salinópolis,-0.6136,-47.3561,23.79,91,100,4.2,BR,1675376246
184,Tymovskoye,50.8456,142.655,-26.14,97,100,0.36,RU,1675376247
185,Lahaina,20.8783,-156.6825,28.0,84,7,1.19,US,1675376248
186,Priozyornoye,45.2698,36.3303,3.49,69,15,2.87,UA,1675376248
187,Kysyl-Syr,63.8986,122.7617,-30.72,98,100,2.62,RU,1675376248
188,Carauari,-4.8828,-66.8958,25.26,94,76,1.2,BR,1675376249
189,Chokurdakh,70.6333,147.9167,-25.71,99,99,1.79,RU,1675376249
190,Constitución,-35.3333,-72.4167,21.78,55,2,8.06,CL,1675376093
191,Sinnamary,5.3833,-52.95,24.63,87,93,4.08,GF,1675376249
192,Banjar,-8.19,114.9675,24.1,95,100,0.26,ID,1675376250
193,Gunjur,13.2019,-16.7339,22.04,60,0,2.57,GM,1675376250
194,Rio Grande,-32.035,-52.0986,26.06,77,87,8.32,BR,1675376251
195,Arlit,18.7369,7.3853,20.11,12,5,1.18,NE,1675376251
196,Russell,32.3502,-85.1999,12.33,94,100,2.57,US,1675376124
197,Tianpeng,30.9866,103.9393,4.26,75,67,3.66,CN,1675376251
198,Grand Gaube,-20.0064,57.6608,25.77,82,2,4.28,MU,1675376252
199,Hong Kong,22.2855,114.1577,17.4,82,77,5.81,HK,1675376056
200,Padang,-0.9492,100.3543,24.49,84,100,1.81,ID,1675376252
201,Kasongo-Lunda,-6.4667,16.8167,22.05,85,52,0.25,CD,1675376253
202,Poddor'ye,57.4695,31.1156,-4.99,98,100,1.34,RU,1675376253
203,Trairi,-3.2778,-39.2689,26.17,82,72,4.14,BR,1675376050
204,Saint-Joseph,-21.3667,55.6167,23.21,86,43,5.8,RE,1675376253
205,Guánica,17.9716,-66.908,27.34,66,19,6.7,PR,1675376150
206,Ahipara,-35.1667,173.1667,22.89,91,98,3.25,NZ,1675376254
207,Tiznit Province,29.5833,-9.5,10.17,49,0,1.15,MA,1675376254
208,Kununurra,-15.7667,128.7333,24.99,94,97,0.0,AU,1675376254
209,Sisimiut,66.9395,-53.6735,-11.13,81,100,10.5,GL,1675376255
210,Narsaq,60.9167,-46.05,-10.88,97,70,3.15,GL,1675376255
211,Khovd,48.0056,91.6419,-19.04,85,5,0.44,MN,1675376255
212,Kabanjahe,3.1001,98.4908,16.58,95,86,1.17,ID,1675376256
213,Faanui,-16.4833,-151.75,27.13,78,24,8.14,PF,1675376256
214,Ceres,37.5949,-120.9577,15.44,58,0,3.6,US,1675376051
215,Hamilton,39.1834,-84.5333,3.18,48,0,5.14,US,1675376256
216,Leningradskiy,69.3833,178.4167,-30.27,100,100,2.39,RU,1675376257
217,Mossamedes,-15.1961,12.1522,22.58,76,52,1.8,AO,1675376257
218,Tura,25.5198,90.2201,13.58,60,4,1.67,IN,1675376257
219,Richards Bay,-28.783,32.0377,23.49,91,100,1.71,ZA,1675376258
220,Krasnosel'kup,65.7,82.4667,-18.35,99,55,3.56,RU,1675376258
221,Emerald,-23.5333,148.1667,26.86,65,100,3.78,AU,1675376258
222,Grandview,38.8858,-94.533,8.17,45,0,9.26,US,1675375998
223,Canatlán,24.5167,-104.7833,21.57,19,7,4.47,MX,1675376259
224,Kavaratti,10.5669,72.642,26.35,79,86,2.83,IN,1675376259
225,Ust'ye,59.6304,39.736,-4.57,95,100,3.07,RU,1675376259
226,General Roca,-39.0333,-67.5833,32.01,18,52,1.85,AR,1675376260
227,Qaanaaq,77.484,-69.3632,-16.82,60,13,4.08,GL,1675376260
228,Ostrovnoy,68.0531,39.5131,-5.86,88,100,2.29,RU,1675376260
229,Qaryat Sulūq,31.6682,20.2521,11.91,62,16,2.01,LY,1675376261
230,Aripuanã,-9.1667,-60.6333,25.13,92,46,0.41,BR,1675376261
231,Potam,27.6,-110.3833,23.32,31,0,5.86,MX,1675376261
232,Arbagar,51.9438,116.2805,-31.88,100,66,0.73,RU,1675376262
233,Saldanha,-33.0117,17.9442,15.03,85,0,8.26,ZA,1675376262
234,Pincher Creek,49.4833,-113.952,4.93,38,99,2.57,CA,1675376127
235,Tilichiki,60.4667,166.1,-23.1,98,71,3.9,RU,1675376262
236,Angoche,-16.2325,39.9086,26.22,83,75,1.46,MZ,1675376263
237,Necochea,-38.5473,-58.7368,21.64,70,34,7.09,AR,1675376264
238,Scottsbluff,41.8666,-103.6672,2.62,63,0,4.63,US,1675376163
239,Longkou,37.6508,120.3286,-1.34,48,29,2.39,CN,1675376264
240,Kaeo,-35.1,173.7833,24.07,97,100,3.91,NZ,1675376265
241,Ipil,7.75,122.5167,22.43,93,100,2.16,PH,1675376265
242,Sistranda,63.7256,8.834,-1.02,65,13,9.33,NO,1675376265
243,Sitka,57.0531,-135.33,4.94,81,100,2.06,US,1675376266
244,Beringovskiy,63.05,179.3167,-12.96,94,100,5.48,RU,1675376266
245,Pisco,-13.7,-76.2167,25.03,73,0,10.29,PE,1675376266
246,Skjervøy,70.0311,20.9714,-10.0,72,96,4.02,NO,1675376267
247,Mogadishu,2.0371,45.3438,24.42,81,81,8.17,SO,1675376267
248,Tuktoyaktuk,69.4541,-133.0374,-38.0,67,40,2.57,CA,1675376267
249,Urmia,37.5527,45.0761,-3.25,86,40,2.06,IR,1675376268
250,Kargasok,59.0556,80.8572,-14.54,98,98,1.52,RU,1675376268
251,Turukhansk,65.8167,87.9833,-14.26,96,99,3.39,RU,1675376268
252,Sørland,67.667,12.6934,-0.08,80,94,6.69,NO,1675376269
253,Coquimbo,-29.9533,-71.3436,17.85,82,40,5.66,CL,1675376269
254,Lamu,-2.2717,40.902,24.14,90,98,3.84,KE,1675376269
255,Salamiyah,35.0113,37.0532,5.9,81,15,4.17,SY,1675376270
256,Verkhnyaya Inta,65.9811,60.3094,-5.46,95,100,3.82,RU,1675376270
257,Norman Wells,65.282,-126.8329,-30.98,69,20,1.54,CA,1675376270
258,Goderich,43.7501,-81.7165,0.51,93,100,10.29,CA,1675376271
259,Bengkulu,-3.8004,102.2655,23.28,90,100,2.18,ID,1675376271
260,Iquique,-20.2208,-70.1431,25.02,77,32,1.96,CL,1675376039
261,Lompoc,34.6391,-120.4579,20.47,39,75,6.69,US,1675376271
262,Diffa,13.3154,12.6113,21.99,30,99,4.62,NE,1675376272
263,Alihe,50.5667,123.7167,-29.9,98,35,1.62,CN,1675376272
264,Çan,40.0333,27.0524,5.01,85,33,1.59,TR,1675376272
265,Fria,10.4167,-13.5833,21.45,76,58,0.73,GN,1675376272
266,Langenthal,47.2153,7.7961,5.94,75,78,1.72,CH,1675376273
267,Mulegé,26.8833,-111.9833,18.27,50,1,5.8,MX,1675376273
268,Searcy,35.2506,-91.7363,2.0,80,100,1.54,US,1675376273
269,Turan,16.0678,108.2208,22.99,100,75,0.0,VN,1675376274
270,Kushmurun,52.4503,64.6311,-17.71,91,100,2.28,KZ,1675376274
271,Zirándaro de los Chávez,18.45,-100.9833,36.0,18,0,1.19,MX,1675376274
272,Cap Malheureux,-19.9842,57.6142,25.82,82,1,4.44,MU,1675376275
273,Luganville,-15.5333,167.1667,29.26,70,25,2.08,VU,1675376275
274,Temyasovo,52.9933,58.1014,-16.93,83,27,0.47,RU,1675376275
275,Chumikan,54.7183,135.315,-26.37,87,82,8.41,RU,1675376276
276,Palazzolo Acreide,37.0623,14.9035,6.06,88,12,0.63,IT,1675376276
277,Caiapônia,-16.9567,-51.8103,22.58,84,100,1.33,BR,1675376046
278,Qandala,11.472,49.8728,22.45,71,6,0.61,SO,1675376241
279,Hambantota,6.1241,81.1185,24.46,89,100,5.75,LK,1675376276
280,Bara,10.3744,10.7288,23.75,26,85,3.86,NG,1675376276
281,Rock Sound,24.9,-76.2,24.45,71,15,4.77,BS,1675376277
282,Golden,39.7555,-105.2211,9.21,36,0,3.6,US,1675376125
283,Majene,-3.5403,118.9707,23.94,87,100,2.41,ID,1675376277
284,Eucaliptus,-17.5833,-67.5167,14.18,48,100,6.77,BO,1675376277
285,Saint George,37.1041,-113.5841,13.57,29,0,0.89,US,1675376127
286,Balakhninskiy,58.0106,114.2769,-15.99,94,100,2.32,RU,1675376278
287,Liverpool,53.4106,-2.9779,11.16,75,75,4.63,GB,1675376126
288,Grindavik,63.8424,-22.4338,2.26,93,75,15.43,IS,1675376278
289,Vitim,59.4511,112.5578,-13.36,94,100,4.86,RU,1675376278
290,San Patricio,28.017,-97.5169,8.92,69,93,7.28,US,1675376279
291,Neuquén,-38.9516,-68.0591,33.26,14,14,3.43,AR,1675376092
292,Ambon City,-3.6954,128.1814,26.08,83,40,3.6,ID,1675376279
293,Palmer,42.1584,-72.3287,1.65,48,20,4.12,US,1675376279
294,Tiksi,71.6872,128.8694,-33.72,98,82,3.33,RU,1675376280
295,Ulaangom,49.9811,92.0667,-28.54,93,42,1.2,MN,1675376280
296,Sterlibashevo,53.4376,55.2578,-13.5,86,96,1.58,RU,1675376280
297,Pogăceaua,46.6833,24.3,0.75,99,100,3.27,RO,1675376281
298,Rawson,-43.3002,-65.1023,25.43,50,33,5.39,AR,1675376281
299,Pemangkat,1.1667,108.9667,24.49,88,100,1.43,ID,1675376281
300,Merauke,-8.4667,140.3333,26.31,85,100,4.28,ID,1675376282
301,St. George's,12.0564,-61.7485,25.82,73,20,5.14,GD,1675376282
302,Panzhihua,26.5851,101.7128,9.86,61,1,1.0,CN,1675376283
303,Castaños,26.7833,-101.4167,14.64,53,40,6.17,MX,1675376190
304,Kitimat,54.0524,-128.6534,2.21,100,100,1.73,CA,1675376283
305,Christchurch,-43.5333,172.6333,29.67,48,75,5.66,NZ,1675376283
306,Jiwani,25.05,61.7417,20.35,68,0,3.05,PK,1675376284
307,Tasiilaq,65.6145,-37.6368,-5.91,86,100,1.68,GL,1675376286
308,Makkah al Mukarramah,21.4267,39.8261,18.19,47,0,3.47,SA,1675376238
309,Esperance,-33.8667,121.9,16.08,73,46,3.56,AU,1675376223
310,Shelburne,44.0787,-80.2041,-3.94,97,74,8.94,CA,1675376112
311,Anaconda,46.1285,-112.9423,-3.45,77,73,3.17,US,1675376288
312,Sault Ste. Marie,46.5168,-84.3333,-11.69,85,100,14.4,CA,1675375996
313,Lorengau,-2.0226,147.2712,27.66,76,77,0.86,PG,1675376289
314,Talakan,50.3167,130.3667,-28.4,100,94,1.06,RU,1675376289
315,Pimenta Bueno,-11.6725,-61.1936,25.62,92,69,0.91,BR,1675376290
316,Petropavlovsk-Kamchatskiy,53.0452,158.6483,-8.67,53,75,5.0,RU,1675376291
317,Cap-aux-Meules,47.3821,-61.8597,-5.97,86,75,4.12,CA,1675376292
318,Mitsamiouli,-11.3847,43.2844,27.27,78,99,0.98,KM,1675376293
319,Hobyo,5.3505,48.5268,24.34,70,99,7.91,SO,1675376293
320,Mölln,53.6333,10.6833,4.93,90,100,2.06,DE,1675376293
321,Wanning,18.8003,110.3967,21.83,95,100,3.06,CN,1675376294
322,Sibolga,1.7427,98.7792,23.88,90,99,1.2,ID,1675376294
323,Dudinka,69.4058,86.1778,-10.21,96,100,4.05,RU,1675376295
324,Qui Nhon,13.7667,109.2333,23.45,91,31,4.03,VN,1675376295
325,Camacha,33.0833,-16.3333,13.68,63,40,4.63,PT,1675376295
326,Kalakamati,-20.5929,27.3121,21.82,73,100,2.8,BW,1675376296
327,Vestmannaeyjar,63.4427,-20.2734,3.61,66,100,13.81,IS,1675376296
328,Batagay,67.6333,134.6333,-31.83,99,100,0.73,RU,1675376297
329,Rahden,52.4333,8.6167,7.98,91,100,7.85,DE,1675376297
330,Kiryat Gat,31.61,34.7642,12.44,100,88,2.83,IL,1675376101
331,Tierra Nueva,21.6833,-100.5667,25.99,16,25,2.02,MX,1675376298
332,Northam,51.0333,-4.2167,9.66,96,100,7.79,GB,1675376298
333,Hirara,24.8,125.2833,19.15,82,75,7.2,JP,1675376299
334,Ust'-Omchug,61.15,149.6333,-32.27,100,85,0.64,RU,1675376299
335,Estreito,-5.7833,-43.25,23.87,87,99,1.77,BR,1675376300
336,Liwale,-9.7667,37.9333,20.9,99,100,0.6,TZ,1675376300
337,Cabedelo,-6.9811,-34.8339,28.37,74,3,6.32,BR,1675376300
338,Lakatoro,-16.0999,167.4164,29.17,70,28,1.75,VU,1675376301
339,Quebo,11.3333,-14.9333,22.1,73,59,2.4,GW,1675376301
340,Mwanza,-2.5167,32.9,21.49,70,42,3.19,TZ,1675376302
341,Ust'-Koksa,50.2696,85.6108,-14.55,88,56,0.68,RU,1675376302
342,Lander,42.833,-108.7307,8.33,73,0,0.0,US,1675376302
343,Erenhot,43.6475,111.9767,-10.51,38,87,2.83,CN,1675376303
344,Dali,25.7,100.1833,6.97,71,15,1.95,CN,1675376303
345,Namatanai,-3.6667,152.4333,28.15,74,90,1.59,PG,1675376303
346,Heraclea,37.5133,34.0467,-5.8,57,0,2.13,TR,1675376304
347,Antalaha,-14.9003,50.2788,23.55,89,10,2.87,MG,1675376234
348,Talnakh,69.4865,88.3972,-10.44,96,100,3.39,RU,1675376304
349,Benghazi,32.1167,20.0667,14.45,52,16,2.43,LY,1675376305
350,City of San Pedro,14.35,121.0167,25.2,83,20,1.03,PH,1675376031
351,Sainte-Anne-des-Monts,49.124,-66.4924,-8.07,62,100,2.06,CA,1675376305
352,Naliya,23.2667,68.8333,18.96,21,0,2.86,IN,1675376306
353,Balkhash,46.844,74.9804,-5.81,91,100,3.25,KZ,1675376306
354,Tibagi,-24.5094,-50.4136,20.29,98,100,2.21,BR,1675376307
355,Gunnedah,-30.9833,150.25,24.47,36,0,2.4,AU,1675376307
356,Karratha,-20.7377,116.8463,29.58,68,46,2.49,AU,1675376307
357,Lata,40.1629,-8.3327,5.6,79,0,1.68,PT,1675376308
358,Provideniya,64.3833,-173.3,-8.94,67,75,7.0,RU,1675376308
359,Uchiza,-8.4592,-76.4633,23.47,96,100,0.28,PE,1675376308
360,Tevriz,57.509,72.4042,-11.79,99,100,0.77,RU,1675376308
361,Cabo San Lucas,22.8909,-109.9124,23.67,57,40,2.57,MX,1675376038
362,Plettenberg Bay,-34.0527,23.3716,19.17,82,77,1.26,ZA,1675376309
363,Lappeenranta,61.0587,28.1887,-5.67,93,75,3.09,FI,1675376309
364,Ashoknagar,24.5667,77.7167,13.28,36,92,1.31,IN,1675376309
365,Coyhaique,-45.5752,-72.0662,20.97,49,20,3.09,CL,1675376191
366,Roald,62.5833,6.1333,2.64,55,0,6.17,NO,1675376310
367,Hodal,27.9,77.3667,11.22,42,0,3.39,IN,1675376310
368,Przhevalskoye,55.5093,31.8482,-1.41,98,100,1.62,RU,1675376310
369,Milton,34.1322,-84.3007,9.78,96,100,2.5,US,1675376209
370,Port Hedland,-20.3167,118.5667,29.95,60,86,2.75,AU,1675376148
371,Pringsewu,-5.3582,104.9744,23.17,96,100,0.25,ID,1675376311
372,Bathsheba,13.2167,-59.5167,25.34,69,20,7.2,BB,1675376311
373,Jiangyou,31.7667,104.7167,8.61,76,91,0.52,CN,1675376311
374,Matagami,49.7502,-77.6328,-22.94,64,0,9.77,CA,1675376312
375,Bilma,18.6853,12.9164,19.1,18,40,3.43,NE,1675376312
376,Meadow Lake,34.8014,-106.5436,10.89,29,0,3.08,US,1675376312
377,Takoradze,4.8845,-1.7554,26.73,86,17,3.03,GH,1675376313
378,Çumra,37.5732,32.7745,-5.92,70,1,2.58,TR,1675376313
379,Dar es Salaam,-6.8235,39.2695,26.44,86,84,2.16,TZ,1675376100
380,Los Llanos de Aridane,28.6585,-17.9182,14.86,63,20,4.63,ES,1675376313
381,Gambēla,8.25,34.5833,28.59,21,85,0.75,ET,1675376314
382,Bandarbeyla,9.4942,50.8122,23.7,69,6,6.89,SO,1675376314
383,Tessalit,20.1986,1.0114,17.49,13,25,6.52,ML,1675376050
384,Linhares,-19.3911,-40.0722,24.09,82,72,2.89,BR,1675376314
385,Kiryat Gat,31.61,34.7642,12.44,100,88,2.83,IL,1675376101
386,Wexford,52.3342,-6.4575,9.94,96,46,6.71,IE,1675376315
387,Guerrero Negro,27.9769,-114.0611,19.89,35,13,4.73,MX,1675376315
388,Radom,51.4025,21.1471,1.26,85,99,4.02,PL,1675376136
389,Aykhal,66.0,111.5,-26.33,98,100,2.06,RU,1675376317
390,Paramonga,-10.6667,-77.8333,24.02,75,79,4.14,PE,1675376317
391,Berlevåg,70.8578,29.0864,-4.03,86,75,5.14,NO,1675376317
392,San Policarpo,12.1791,125.5072,26.13,83,18,7.32,PH,1675376318
393,Lüderitz,-26.6481,15.1594,18.04,65,6,8.86,NA,1675376318
394,Mandalgovi,45.7625,106.2708,-13.72,64,26,4.15,MN,1675376318
395,Boyolangu,-8.1181,111.8935,23.17,93,100,2.84,ID,1675376319
396,Pangkalanbuun,-2.6833,111.6167,22.35,98,100,0.57,ID,1675376319
397,Baruun-Urt,46.6806,113.2792,-19.93,84,14,2.93,MN,1675376319
398,Skibbereen,51.55,-9.2667,10.62,89,58,7.11,IE,1675376320
399,Kiama,-34.6833,150.8667,21.43,53,0,0.89,AU,1675376102
400,Mutare,-18.9707,32.6709,19.18,89,83,1.6,ZW,1675376320
401,Assiut,27.181,31.1837,10.9,46,1,2.51,EG,1675376320
402,Praia,14.9215,-23.5087,21.3,73,75,9.26,CV,1675376321
403,Lieto,60.5103,22.4618,-3.21,88,100,1.54,FI,1675376321
404,Kiunga,-6.1219,141.2906,23.39,91,98,0.19,PG,1675376321
405,Nome,64.5011,-165.4064,-11.96,92,40,1.54,US,1675376196
406,Clyde River,70.4692,-68.5914,-29.87,57,20,4.12,CA,1675376322
407,Shymkent,42.3,69.6,4.33,87,75,3.0,KZ,1675376322
408,Hasaki,35.7333,140.8333,3.22,73,100,6.77,JP,1675376322
409,Belen,36.4891,36.2233,1.08,60,40,4.12,TR,1675376323
410,Nelson Bay,-32.7167,152.15,27.83,56,0,1.79,AU,1675376323
411,Shakawe,-18.3667,21.85,19.27,97,96,1.56,BW,1675376323
412,Havre-St-Pierre,50.2334,-63.5986,-6.0,85,100,2.06,CA,1675376323
413,Wollongong,-34.4333,150.8833,21.66,52,0,5.06,AU,1675376127
414,Barra Patuca,15.8,-84.2833,26.9,68,4,4.33,HN,1675376324
415,Romitan,39.9343,64.3814,3.97,93,3,2.06,UZ,1675376324
416,Cotabato City,7.2236,124.2464,22.4,90,100,1.91,PH,1675376324
417,Shimoda,34.6667,138.95,3.95,67,100,6.58,JP,1675376325
418,Neosho,36.869,-94.368,8.81,48,21,0.89,US,1675376325
419,Stepnyak,52.8339,70.7803,-20.62,90,3,0.69,KZ,1675376325
420,Waingapu,-9.6567,120.2641,25.03,85,100,5.09,ID,1675376326
421,Novyi Yarychiv,49.9044,24.3052,0.12,90,100,8.42,UA,1675376326
422,Torbay,47.6666,-52.7314,-8.18,76,20,3.6,CA,1675376326
423,Thunder Bay,48.4001,-89.3168,-22.14,79,100,5.95,CA,1675375991
424,San Cristobal,7.7669,-72.225,23.1,33,5,2.3,VE,1675376326
425,Basco,20.4487,121.9702,23.56,79,88,5.91,PH,1675376327
426,Jijiga,9.35,42.8,17.27,51,99,6.35,ET,1675376327
427,Goundi,9.3627,17.366,28.81,14,4,0.88,TD,1675376327
428,Manthani,18.65,79.6667,17.2,18,64,2.02,IN,1675376328
429,Atbasar,51.8,68.3333,-19.73,85,30,3.44,KZ,1675376328
430,Avilés,43.5547,-5.9248,8.28,87,20,2.06,ES,1675376328
431,Brae,60.3964,-1.353,8.08,81,99,15.92,GB,1675376329
432,Port Hardy,50.6996,-127.4199,7.1,76,100,11.83,CA,1675376329
433,Vila Velha,-20.3297,-40.2925,26.08,85,0,7.72,BR,1675376301
434,Touros,-5.1989,-35.4608,26.76,76,49,6.89,BR,1675376329
435,Stephenville,32.2207,-98.2023,0.69,97,100,0.0,US,1675376329
436,Konstantinovka,49.6167,127.9833,-29.25,97,6,1.37,RU,1675376330
437,Shannon,52.7039,-8.8642,10.07,87,75,5.66,IE,1675376330
438,Sémbé,1.6481,14.5806,21.7,87,76,0.57,CG,1675376330
439,Bosaso,11.2842,49.1816,22.42,72,1,0.85,SO,1675376331
440,Bud,39.447,-86.1758,4.39,50,77,5.12,US,1675376331
441,Abu Kamal,34.4506,40.9171,7.92,56,1,4.25,SY,1675376331
442,Anadyr,64.75,177.4833,-7.72,73,75,6.0,RU,1675376331
443,Mokhsogollokh,61.4681,128.9203,-29.99,99,100,1.34,RU,1675376332
444,Nakusp,50.2499,-117.8023,2.76,90,100,0.9,CA,1675376140
445,Praia,14.9215,-23.5087,21.3,73,75,9.26,CV,1675376332
446,Gerāsh,27.6652,54.1371,12.66,87,26,0.75,IR,1675376332
447,Alappuzha,9.49,76.3264,24.25,79,97,0.96,IN,1675376333
448,Najrān,17.4924,44.1277,16.36,44,2,1.23,SA,1675376206
449,Labuhan,-6.8844,112.2051,24.5,89,100,2.67,ID,1675376333
450,Ternate,0.8,127.4,25.22,83,100,2.78,ID,1675376333
451,Omboué,-1.5746,9.2618,26.31,89,78,3.18,GA,1675376334
452,Honningsvåg,70.9821,25.9704,-4.14,93,40,0.0,NO,1675376334
453,Soyo,-6.1349,12.3689,27.14,83,100,4.09,AO,1675376334
454,Urengoy,65.9667,78.3667,-18.09,99,25,2.71,RU,1675376335
455,Kushima,31.4583,131.2333,9.51,77,100,1.46,JP,1675376335
456,Paphos,34.7667,32.4167,7.88,71,40,3.6,CY,1675376096
457,Ziro,27.6333,93.8333,3.8,77,0,1.26,IN,1675376335
458,Slave Lake,55.2834,-114.769,-14.01,72,100,9.77,CA,1675376111
459,San Vicente,-26.6167,-54.1333,25.35,66,52,0.16,AR,1675376336
460,Fayetteville,35.0527,-78.8784,6.6,95,100,0.0,US,1675376093
461,São Félix do Xingu,-6.6447,-51.995,23.41,94,66,1.53,BR,1675376336
462,Zaranj,30.9667,61.8833,13.91,73,83,4.52,AF,1675376336
463,Xichang,27.8964,102.2634,5.39,78,0,1.13,CN,1675376337
464,Pangai,-19.8,-174.35,26.06,83,100,7.72,TO,1675376337
465,Zaraza,9.3503,-65.3245,27.63,50,1,5.82,VE,1675376338
466,Lipin Bor,60.2622,37.9763,-5.2,96,100,2.71,RU,1675376338
467,Yushu,44.8,126.5333,-21.51,92,17,2.44,CN,1675376338
468,The Valley,18.217,-63.0578,26.08,73,20,5.14,AI,1675376339
469,Adrar,20.5022,-10.0711,15.77,15,31,5.45,MR,1675376340
470,Wanxian,30.8039,108.3897,8.86,82,100,1.96,CN,1675376340
471,Cheyenne,41.14,-104.8203,4.32,54,0,6.69,US,1675376066
472,Muros,42.7762,-9.0603,4.91,92,0,1.69,ES,1675376340
473,Plyussa,58.4308,29.3654,-3.18,97,100,2.62,RU,1675376341
474,Barela,23.1,80.05,12.6,29,77,0.92,IN,1675376341
475,Pecos,31.4229,-103.4932,13.47,43,0,4.12,US,1675376341
476,Prudnik,50.3212,17.5746,-1.7,87,37,4.61,PL,1675376342
477,Lodeynoye Pole,60.726,33.5531,-10.71,97,100,1.77,RU,1675376342
478,Ulety,51.3572,112.4849,-20.23,99,47,2.02,RU,1675376343
479,Smithers,54.7804,-127.1743,0.18,93,100,3.6,CA,1675376343
480,Agbor,6.2518,6.1934,27.0,78,10,2.72,NG,1675376344
481,Zavetnoye,47.1194,43.8903,-1.02,93,100,2.68,RU,1675376344
482,Simbahan,6.3032,120.5836,27.37,76,100,3.27,PH,1675376345
483,Aran,40.6253,46.9756,4.73,82,100,9.4,AZ,1675376345
484,Bangsund,64.3968,11.3949,-1.16,93,40,6.17,NO,1675376345
485,Jõhvi,59.3592,27.4211,-3.37,82,100,5.09,EE,1675376346
486,Banda Aceh,5.5577,95.3222,25.08,82,100,1.73,ID,1675376096
487,Kieta,-6.2167,155.6333,27.59,81,100,2.07,PG,1675376346
488,Jalpa,21.6333,-102.9667,27.86,17,48,4.98,MX,1675376347
489,Laï,9.3952,16.2989,27.65,18,4,2.62,TD,1675376348
490,Moose Factory,51.2585,-80.6094,-29.0,57,100,8.75,CA,1675376348
491,Santa Rosa,14.3122,121.1114,25.62,83,33,4.78,PH,1675376349
492,Kloulklubed,7.0419,134.2556,26.28,75,100,8.13,PW,1675376349
493,Nakano,36.75,138.3667,-0.35,88,100,1.1,JP,1675376350
494,North Bend,43.4065,-124.2243,10.6,87,0,3.6,US,1675376155
495,Nan,18.8333,100.6667,15.01,94,25,0.0,TH,1675376352
496,Kaifeng,34.7911,114.3483,-2.18,66,13,3.16,CN,1675376352
497,Salmon Arm,50.6998,-119.3024,0.24,90,100,1.34,CA,1675375769
498,Morgan City,29.6994,-91.2068,8.89,93,100,3.09,US,1675376255
499,Itupiranga,-5.1347,-49.3267,23.37,91,88,1.46,BR,1675376353
500,Te Anau,-45.4167,167.7167,19.55,88,68,2.02,NZ,1675376354
501,Dul'durga,50.6761,113.5931,-20.59,97,31,2.11,RU,1675376354
502,Kukushtan,57.6464,56.4952,-6.21,99,96,1.47,RU,1675376355
503,Iqaluit,63.7506,-68.5145,-39.15,67,75,2.57,CA,1675376248
504,Storsteinnes,69.2408,19.2344,-5.9,99,73,2.06,NO,1675376357
505,Celestún,20.8667,-90.4,25.21,77,63,5.03,MX,1675376357
506,Alice Springs,-23.7,133.8833,17.75,68,0,2.57,AU,1675376360
507,Port-Cartier,50.0334,-66.8654,-10.14,90,100,2.23,CA,1675376360
508,Ipixuna,-1.7625,-48.8043,22.46,97,100,2.42,BR,1675376361
509,Vizinga,61.0749,50.1031,-7.88,95,100,2.87,RU,1675376362
510,Mount Isa,-20.7333,139.5,24.87,44,36,6.17,AU,1675376362
511,Yar-Sale,66.8333,70.8333,-15.17,95,19,3.8,RU,1675376363
512,Sur,22.5667,59.5289,19.38,66,0,1.14,OM,1675376363
513,Badia Polesine,45.0972,11.4916,4.86,74,0,0.51,IT,1675376365
514,Lake Havasu City,34.4839,-114.3224,19.7,18,0,2.06,US,1675376366
515,Strezhevoy,60.7333,77.5889,-18.62,100,100,1.45,RU,1675376366
516,Nassau,40.7507,-73.5829,3.97,49,0,4.12,US,1675376367
517,Bacolod City,10.6667,122.95,24.4,85,84,4.52,PH,1675376367
518,Pokhara,28.2333,83.9833,12.76,22,0,2.19,NP,1675376369
519,Tyukhtet,56.5389,89.3011,-22.94,98,16,1.42,RU,1675376372
520,Mahon,39.8885,4.2658,11.31,71,75,7.2,ES,1675376372
521,Dabakala,8.3667,-4.4333,28.85,31,3,0.66,CI,1675376372
522,Molteno,-31.3968,26.3625,17.29,70,80,2.36,ZA,1675376373
523,Vostok,46.4856,135.8833,-24.24,99,100,1.6,RU,1675376373
524,Gwadar,25.1216,62.3254,19.91,67,0,2.94,PK,1675376374
525,Iskateley,67.6803,53.1512,-12.6,96,67,3.8,RU,1675376374
526,Bonfim,3.0833,-59.95,31.56,43,100,3.33,BR,1675376374
527,Taoudenni,22.6783,-3.9836,14.2,14,22,4.76,ML,1675376358
528,Belūsovka,50.1339,82.5239,-23.53,84,75,1.0,KZ,1675376375
529,Yulara,-25.2406,130.9889,19.47,49,0,6.34,AU,1675376375
530,Myingyan,21.4667,95.3833,23.81,54,90,1.66,MM,1675376375
531,Mungwi,-10.1732,31.3694,16.43,97,100,1.72,ZM,1675376375
532,La Rioja,42.25,-2.5,-1.12,56,0,2.76,ES,1675376376
533,Arrondissement de Villefranche-de-Rouergue,44.3333,2.0,2.43,95,0,0.96,FR,1675376376
534,Paraíso,9.8383,-83.8656,23.48,75,73,3.0,CR,1675376376
535,Khandyga,62.6667,135.6,-31.74,98,100,0.92,RU,1675376377
536,Punta Alta,-38.8759,-62.0736,23.49,57,71,6.75,AR,1675376377
537,Naples,40.8333,14.25,13.19,71,0,0.51,IT,1675376377
538,Marechal Cândido Rondon,-24.5561,-54.0567,25.28,82,35,1.85,BR,1675376079
539,Yabrūd,33.9674,36.6574,-0.2,77,22,2.57,SY,1675376378
540,Menongue,-14.6585,17.691,17.84,97,100,1.62,AO,1675376378
541,São Raimundo Nonato,-9.0153,-42.6994,23.62,82,68,1.39,BR,1675376144
542,Gray,35.4167,-100.802,13.89,24,0,5.95,US,1675376378
543,Safford,32.834,-109.7076,17.08,21,0,1.54,US,1675376379
544,Stornoway,58.2093,-6.3865,7.98,74,100,11.32,GB,1675376379
545,Chicama,-7.8447,-79.1469,21.3,59,41,4.39,PE,1675376379
546,Virden,39.5009,-89.7679,7.84,45,0,5.65,US,1675376126
547,Yerköy,39.6381,34.4672,-2.55,85,90,1.98,TR,1675376380
548,San Miguel de Tucumán,-26.8241,-65.2226,25.0,65,20,1.03,AR,1675376380
549,Ust-Kuyga,70.0167,135.6,-29.4,98,100,1.6,RU,1675376381
550,Nantucket,41.2835,-70.0995,2.08,70,0,5.14,US,1675376236
551,Pacific Grove,36.6177,-121.9166,17.44,52,0,1.79,US,1675376100
552,Nísia Floresta,-6.0911,-35.2086,27.45,76,7,5.44,BR,1675376381
553,Casper,42.8666,-106.3131,-0.67,59,0,11.32,US,1675376382
554,Sartell,45.6216,-94.2069,-16.03,56,0,5.14,US,1675376382
555,Sukumo,32.9333,132.7333,5.72,80,67,1.7,JP,1675376382
556,Witu,-2.3889,40.4382,23.38,91,85,2.86,KE,1675376384
557,Magistral'nyy,56.1725,107.4458,-15.68,96,100,2.48,RU,1675376384
558,Lepley,54.3092,42.8599,-4.56,97,99,2.34,RU,1675376384
559,Miramar,25.9873,-80.2323,27.79,72,75,5.66,US,1675376384
560,Itaú de Minas,-20.7394,-46.7522,20.91,92,100,1.06,BR,1675376385
561,Mānpur,22.4333,75.6167,13.8,25,74,2.61,IN,1675376385
562,Sawtell,-30.3833,153.1,29.01,61,2,6.17,AU,1675376385
563,Minot,48.2325,-101.2963,-18.88,55,0,2.57,US,1675376160
564,Sulangan,11.1373,123.7228,26.25,83,10,6.42,PH,1675376386
565,Saint Stephen,50.3333,-4.9,9.53,93,75,6.69,GB,1675376386
566,San Lorenzo,-25.3333,-57.5333,31.52,55,75,5.36,PY,1675376386
